/privat/medlemsfordeler/alle-medlemsfordeler,/medlem/medlemsfordeler/
/privat/medlemsfordeler/alle-medlemsfordeler/obos-festningen-2020,/medlem/medlemsfordeler/obosfestningen-2020
/privat/medlemsfordeler/alle-medlemsfordeler/julegalla-i-operaen,/medlem/medlemsfordeler/julegalla-i-operaen
/privat/medlemsfordeler/alle-medlemsfordeler/forkjopsrett1,/medlem/medlemsfordeler/forkjopsrett
/privat/medlemsfordeler/alle-medlemsfordeler/obos-dagen-pa-odeon-kino1,/medlem/medlemsfordeler/odeon-kino
/privat/medlemsfordeler/alle-medlemsfordeler/dansommer,/medlem/medlemsfordeler/dansommer
/privat/medlemsfordeler/alle-medlemsfordeler/forkjopsrett,/medlem/medlemsfordeler/forkjopsrett
/privat/medlemsfordeler/alle-medlemsfordeler/dine-penger,/medlem/medlemsfordeler/dine-penger
/privat/medlemsfordeler/alle-medlemsfordeler/nordic-choice-hotels,/medlem/medlemsfordeler/nordic-choice-hotels
/privat/medlemsfordeler/alle-medlemsfordeler/vianor,/medlem/medlemsfordeler/vianor
/privat/medlemsfordeler/alle-medlemsfordeler/tusenfryd,/medlem/medlemsfordeler/
/privat/medlemsfordeler/alle-medlemsfordeler/cruise-til-kobenhavn,/medlem/medlemsfordeler/cruise-til-kobenhavn
/privat/medlemsfordeler/alle-medlemsfordeler/maxbo,/medlem/medlemsfordeler/maxbo
/privat/medlemsfordeler/alle-medlemsfordeler/obos-x-oslo-sommertid,/medlem/medlemsfordeler/
/privat/medlemsfordeler/alle-medlemsfordeler/avis,/medlem/medlemsfordeler/avis
/privat/medlemsfordeler/alle-medlemsfordeler/odeon-kino,/medlem/medlemsfordeler/odeon-kino
/privat/medlemsfordeler/alle-medlemsfordeler/best-western-hotels-resorts,/medlem/medlemsfordeler/best-western-hotels--resorts
/privat/medlemsfordeler/alle-medlemsfordeler/banktjenester,/medlem/medlemsfordeler/banktjenester
/privat/medlemsfordeler/alle-medlemsfordeler/the-sound-of-music,/medlem/medlemsfordeler/the-sound-of-music
/privat/medlemsfordeler/alle-medlemsfordeler/bohus,/medlem/medlemsfordeler/bohus
/privat/medlemsfordeler/alle-medlemsfordeler/obos-fornybar,/medlem/medlemsfordeler/los-fornybar-strom
/privat/medlemsfordeler/alle-medlemsfordeler/kitchn,/medlem/medlemsfordeler/kitchn
/privat/medlemsfordeler/alle-medlemsfordeler/vindeleka-shrek-the-musical-jr,/medlem/medlemsfordeler/vindeleka-shrek-the-musical-jr
/privat/medlemsfordeler/alle-medlemsfordeler/oslo-bysykkel1,/medlem/medlemsfordeler/oslo-bysykkel
/privat/medlemsfordeler/alle-medlemsfordeler/den-norske-opera-ballett,/medlem/medlemsfordeler/den-norske-opera--ballett
/privat/medlemsfordeler/alle-medlemsfordeler/tryg-forsikring,/medlem/medlemsfordeler/tryg-forsikring
/privat/medlemsfordeler/alle-medlemsfordeler/landskamper-i-fotball,/medlem/medlemsfordeler/landskamper-i-fotball
/privat/medlemsfordeler/alle-medlemsfordeler/talkmore,/medlem/medlemsfordeler/talkmore
/privat/medlemsfordeler/alle-medlemsfordeler/julekonsert-med-solvguttene,/medlem/medlemsfordeler/julekonsert-med-solvguttene
/privat/medlemsfordeler/alle-medlemsfordeler/kid-interior,/medlem/medlemsfordeler/kid-interior
/privat/medlemsfordeler/alle-medlemsfordeler/flugger-farve,/medlem/medlemsfordeler/flugger-farve
/privat/medlemsfordeler/alle-medlemsfordeler/sector-alarm,/medlem/medlemsfordeler/sector-alarm
/privat/medlemsfordeler/alle-medlemsfordeler/oslo-sportslager,/medlem/medlemsfordeler/oslo-sportslager
/privat/medlemsfordeler/alle-medlemsfordeler/apollo,/medlem/medlemsfordeler/apollo
/privat/medlemsfordeler/alle-medlemsfordeler/norfloor,/medlem/medlemsfordeler/norfloor
/privat/medlemsfordeler/alle-medlemsfordeler/optimist,/medlem/medlemsfordeler/optimist
/privat/medlemsfordeler/alle-medlemsfordeler/stille-natt-hellige-natt,/medlem/medlemsfordeler/stille-natt-hellige-natt
/privat/medlemsfordeler/alle-medlemsfordeler/fortum-charge-drive,/medlem/medlemsfordeler/fortum-charge--drive
/privat/medlemsfordeler/alle-medlemsfordeler/nationaltheatret,/medlem/medlemsfordeler/nationaltheatret
/privat/medlemsfordeler/alle-medlemsfordeler/wallmans-oslo,/medlem/medlemsfordeler/wallmans-oslo
/privat/medlemsfordeler/alle-medlemsfordeler/elbillader-fra-bravida,/medlem/medlemsfordeler/elbillader-fra-bravida
/privat/medlemsfordeler/alle-medlemsfordeler/smarthotel,/medlem/medlemsfordeler/smarthotel
/privat/medlemsfordeler/alle-medlemsfordeler/skousen-hvitevarer,/medlem/medlemsfordeler/
/privat/medlemsfordeler/alle-medlemsfordeler/cewe-japan-photo,/medlem/medlemsfordeler/cewe-japan-photo
/privat/medlemsfordeler/alle-medlemsfordeler/restauranter-fra-fursetgruppen,/medlem/medlemsfordeler/
/privat/medlemsfordeler/alle-medlemsfordeler/oslo-nye-teater,/medlem/medlemsfordeler/oslo-nye-teater
/privat/medlemsfordeler/alle-medlemsfordeler/zipcar,/medlem/medlemsfordeler/zipcar
/privat/medlemsfordeler/alle-medlemsfordeler/rockefeller,/medlem/medlemsfordeler/rockefeller
/privat/medlemsfordeler/alle-medlemsfordeler/chess,/medlem/medlemsfordeler/chess
/privat/medlemsfordeler/alle-medlemsfordeler/legoland,/medlem/medlemsfordeler/legoland
/privat/medlemsfordeler/alle-medlemsfordeler/lastcall,/medlem/medlemsfordeler/lastcall
/privat/medlemsfordeler/alle-medlemsfordeler/den-nationale-scene,/medlem/medlemsfordeler/den-nationale-scene
/privat/medlemsfordeler/alle-medlemsfordeler/lambertseter-bad,/medlem/medlemsfordeler/lambertseter-bad
/privat/medlemsfordeler/alle-medlemsfordeler/oslo-filharmonien,/medlem/medlemsfordeler/oslo-filharmonien
/privat/medlemsfordeler/alle-medlemsfordeler/alice-i-vidunderland,/medlem/medlemsfordeler/
/privat/medlemsfordeler/alle-medlemsfordeler/kork-med-halvdan-sivertsen,/medlem/medlemsfordeler/kork-med-halvdan-sivertsen
/privat/medlemsfordeler/alle-medlemsfordeler/godtlevert,/medlem/medlemsfordeler/
/privat/medlemsfordeler/alle-medlemsfordeler/rbk,/medlem/medlemsfordeler/rbk
/privat/medlemsfordeler/alle-medlemsfordeler/viking-fotball,/medlem/medlemsfordeler/viking-fotball
/privat/medlemsfordeler/alle-medlemsfordeler/akvariet-i-bergen,/medlem/medlemsfordeler/akvariet-i-bergen
/privat/medlemsfordeler/alle-medlemsfordeler/det-norske-teatret,/medlem/medlemsfordeler/det-norske-teatret
/privat/medlemsfordeler/alle-medlemsfordeler/bravida,/medlem/medlemsfordeler/bravida
/privat/medlemsfordeler/alle-medlemsfordeler/meg-og-dolly,/medlem/medlemsfordeler/meg-og-dolly
/privat/medlemsfordeler/alle-medlemsfordeler/dekkteam-alesund,/medlem/medlemsfordeler/dekkteam-alesund
/privat/medlemsfordeler/alle-medlemsfordeler/obos-eiendomsmeglere,/medlem/medlemsfordeler/obos-eiendomsmeglere
/privat/medlemsfordeler/alle-medlemsfordeler/hunderfossen,/medlem/medlemsfordeler/
/privat/medlemsfordeler/alle-medlemsfordeler/dfds-kampanje,/medlem/medlemsfordeler/cruise-til-kobenhavn
/privat/medlemsfordeler/alle-medlemsfordeler/bergen-bysykkel,/medlem/medlemsfordeler/bergen-bysykkel
/privat/medlemsfordeler/alle-medlemsfordeler/norsk-folkemuseum,/medlem/medlemsfordeler/norsk-folkemuseum
/privat/medlemsfordeler/alle-medlemsfordeler/obos-ligaen,/medlem/medlemsfordeler/obos-ligaen
/privat/medlemsfordeler/alle-medlemsfordeler/fonus-begravelsesbyra,/medlem/medlemsfordeler/fonus-begravelsesbyra
/privat/medlemsfordeler/alle-medlemsfordeler/handledager-hos-flugger1,/medlem/medlemsfordeler/flugger-farve
/privat/medlemsfordeler/alle-medlemsfordeler/konfirmasjon,/medlem/medlemsfordeler/
/privat/medlemsfordeler/alle-medlemsfordeler/sorbo-trelast,/medlem/medlemsfordeler/sorbo-trelast
/privat/medlemsfordeler/alle-medlemsfordeler/oslofjordmuseet,/medlem/medlemsfordeler/oslofjordmuseet
/privat/medlemsfordeler/alle-medlemsfordeler/hostelling-international-norge,/medlem/medlemsfordeler/hostelling-international-norge
/privat/medlemsfordeler/alle-medlemsfordeler/lekivalen,/medlem/medlemsfordeler/
/privat/medlemsfordeler/alle-medlemsfordeler/notteroy-kulturhus,/medlem/medlemsfordeler/notteroy-kulturhus
/privat/medlemsfordeler/alle-medlemsfordeler/forsvarets-stabsmusikkorps,/medlem/medlemsfordeler/forsvarets-stabsmusikkorps
/privat/medlemsfordeler/alle-medlemsfordeler/oslo-museum,/medlem/medlemsfordeler/oslo-museum
/privat/medlemsfordeler/alle-medlemsfordeler/nobels-fredssenter,/medlem/medlemsfordeler/nobels-fredssenter
/privat/medlemsfordeler/alle-medlemsfordeler/pedalen-sykkelverksted,/medlem/medlemsfordeler/pedalen-sykkelverksted
/privat/medlemsfordeler/alle-medlemsfordeler/dap,/medlem/medlemsfordeler/
/privat/medlemsfordeler/alle-medlemsfordeler/krogsveen-mariero,/medlem/medlemsfordeler/krogsveen-mariero
/privat/medlemsfordeler/alle-medlemsfordeler/obos-pa-operataket1,/medlem/medlemsfordeler/
/privat/medlemsfordeler/alle-medlemsfordeler/obos-dag-pa-tusenfryd,/medlem/medlemsfordeler/
/privat/medlemsfordeler/alle-medlemsfordeler/sommertilbud,/medlem/medlemsfordeler/
/privat/medlemsfordeler/alle-medlemsfordeler/black-box-teater,/medlem/medlemsfordeler/black-box-teater
/privat/medlemsfordeler/alle-medlemsfordeler/norsk-jernbanemuseum,/medlem/medlemsfordeler/norsk-jernbanemuseum
/privat/medlemsfordeler/alle-medlemsfordeler/mester-rammer,/medlem/medlemsfordeler/
/privat/medlemsfordeler/alle-medlemsfordeler/vip-kveld-pa-lambertseter-senter,/medlem/medlemsfordeler/
/privat/medlemsfordeler/alle-medlemsfordeler/gi-et-gavemedlemskap-til-jul,/medlem/medlemsfordeler/
/privat/medlemsfordeler/alle-medlemsfordeler/vill-vill-vest-2019,/medlem/medlemsfordeler/
/privat/medlemsfordeler/alle-medlemsfordeler/privat/medlemsfordeler/alle-medlemsfordeler#results,/medlem/medlemsfordeler/
/privat/medlemsfordeler/alle-medlemsfordeler/generalprove-optimist,/medlem/medlemsfordeler/
/privat/medlemsfordeler/alle-medlemsfordeler/kollensvevet,/medlem/medlemsfordeler/kollensvevet
/privat/medlemsfordeler/alle-medlemsfordeler/atlanterhavsparken,/medlem/medlemsfordeler/atlanterhavsparken
/privat/medlemsfordeler/alle-medlemsfordeler/fargespill,/medlem/medlemsfordeler/fargespill
/privat/medlemsfordeler/alle-medlemsfordeler/rogaland-teater,/medlem/medlemsfordeler/rogaland-teater
/privat/medlemsfordeler/alle-medlemsfordeler/skimuseet-og-holmenkollen,/medlem/medlemsfordeler/skimuseet-og-holmenkollen
/privat/medlemsfordeler/alle-medlemsfordeler/renbolig-fredrikstad,/medlem/medlemsfordeler/ren-bolig-fredrikstad
/privat/medlemsfordeler/alle-medlemsfordeler/teater-innlandet,/medlem/medlemsfordeler/teater-innlandet
/privat/medlemsfordeler/alle-medlemsfordeler/lasservice-alesund,/medlem/medlemsfordeler/lasservice-alesund
/privat/medlemsfordeler/alle-medlemsfordeler/anno,/medlem/medlemsfordeler/anno-museum
/privat/medlemsfordeler/alle-medlemsfordeler/skeid-fotball,/medlem/medlemsfordeler/skeid-fotball
/privat/medlemsfordeler/alle-medlemsfordeler/handledag-hos-kitchn,/medlem/medlemsfordeler/
/privat/medlemsfordeler/alle-medlemsfordeler/julegalla-i-operaen?target_url=/julegalla-i-operaen?utm_source=facebook,/medlem/medlemsfordeler/julegalla-i-operaen
/privat/medlemsfordeler/alle-medlemsfordeler/obos-pa-operataket/praktisk-info,/medlem/medlemsfordeler/
/privat/medlemsfordeler/alle-medlemsfordeler/omvisning-i-operaen,/medlem/medlemsfordeler/julegalla-i-operaen
/privat/medlemsfordeler/alle-medlemsfordeler/stein-saks-papir,/medlem/medlemsfordeler/
/privat/medlemsfordeler/alle-medlemsfordeler/kampanje-forkjop,/medlem/medlemsfordeler/
/privat/medlemsfordeler/alle-medlemsfordeler/kringkastingsorkestret,/medlem/medlemsfordeler/kringkastingsorkesteret
/privat/medlemsfordeler/alle-medlemsfordeler/geitanger-bygg,/medlem/medlemsfordeler/geitanger-bygg
/privat/medlemsfordeler/alle-medlemsfordeler/skiforeningens-langrennskurs,/medlem/medlemsfordeler/skiforeningens-langrennskurs
/privat/medlemsfordeler/alle-medlemsfordeler/skifest-i-holmenkollen,/medlem/medlemsfordeler/
/privat/medlemsfordeler/alle-medlemsfordeler/eidsvoll-1814,/medlem/medlemsfordeler/eidsvoll-1814
/privat/medlemsfordeler/alle-medlemsfordeler/handledager-hos-flugger1?utm\u00253amedium=social,/medlem/medlemsfordeler/flugger-farve
/privat/medlemsfordeler/alle-medlemsfordeler/obos-pa-operataket/om-artistene,/medlem/medlemsfordeler/
/privat/medlemsfordeler/alle-medlemsfordeler/handledag-hos-norfloor,/medlem/medlemsfordeler/norfloor
/privat/medlemsfordeler/alle-medlemsfordeler/obos-i-bergen/om-artistene,/medlem/medlemsfordeler/
/privat/medlemsfordeler/alle-medlemsfordeler/obos-pa-operataket/sok-om-stotte,/medlem/medlemsfordeler/
/privat/medlemsfordeler/alle-medlemsfordeler/sesongkort-med-rbk,/medlem/medlemsfordeler/rbk
/privat/medlemsfordeler/alle-medlemsfordeler/x-games,/medlem/medlemsfordeler/
/privat/medlemsfordeler/alle-medlemsfordeler/bo-sommarland,/medlem/medlemsfordeler/
/privat/medlemsfordeler/alle-medlemsfordeler/handledager-hos-flugger1?utm:medium=social,/medlem/medlemsfordeler/flugger-farve
/privat/medlemsfordeler/alle-medlemsfordeler/helene-boksle-julekonsert,/medlem/medlemsfordeler/julekonsert-med-helene-boksle
/privat/medlemsfordeler/alle-medlemsfordeler/norfloor/norfloor1,/medlem/medlemsfordeler/norfloor
/privat/medlemsfordeler/alle-medlemsfordeler/obos-90-ar-en-konsertgave-til-stavanger,/medlem/medlemsfordeler/
/privat/medlemsfordeler/alle-medlemsfordeler/obos-julekonsert-i-lademoen-kirke,/medlem/medlemsfordeler/julekonsert-i-lademoen-kirke
/privat/medlemsfordeler/alle-medlemsfordeler/obos-pa-manen/sok-om-stotte-obos-pa-manen,/medlem/medlemsfordeler/
/privat/medlemsfordeler/alle-medlemsfordeler/valerenga-fotball-damer-mot-manchester-united-women,/medlem/medlemsfordeler/
/privat/medlemsfordeler/alle-medlemsfordeler/flugger-farve/flugger-farve1,/medlem/medlemsfordeler/flugger-farve
/privat/medlemsfordeler/alle-medlemsfordeler/obos-90-ar-en-konsertgave-til-bergen,/medlem/medlemsfordeler/
/privat/medlemsfordeler/alle-medlemsfordeler/privat/medlemsfordeler/alle-medlemsfordeler?+flis=,/medlem/medlemsfordeler/
/privat/medlemsfordeler/alle-medlemsfordeler/40-rabatt-hos-flugger,/medlem/medlemsfordeler/flugger-farve
/privat/medlemsfordeler/alle-medlemsfordeler/deaktiverte-medlemsfordeler/stein-saks-papir,/medlem/medlemsfordeler/
/privat/medlemsfordeler/alle-medlemsfordeler/dine-penger/innsalg-fa-medlemskortet-pa-mobilen,/medlem/medlemsfordeler/dine-penger
/privat/medlemsfordeler/alle-medlemsfordeler/foynhagen,/medlem/medlemsfordeler/
/privat/medlemsfordeler/alle-medlemsfordeler/gulvdager-hos-maxbo,/medlem/medlemsfordeler/maxbo
/privat/medlemsfordeler/alle-medlemsfordeler/hagemobler-hos-maxbo,/medlem/medlemsfordeler/maxbo
/privat/medlemsfordeler/alle-medlemsfordeler/jul-med-odd-nordstoga,/medlem/medlemsfordeler/
/privat/medlemsfordeler/alle-medlemsfordeler/julekonsert-i-lade-kirke,/medlem/medlemsfordeler/julekonsert-i-lademoen-kirke
/privat/medlemsfordeler/alle-medlemsfordeler/julemarked,/medlem/medlemsfordeler/
/privat/medlemsfordeler/alle-medlemsfordeler/larzan-artenes-konge-og-brorzan,/medlem/medlemsfordeler/
/privat/medlemsfordeler/alle-medlemsfordeler/minioya-2019,/medlem/medlemsfordeler/
/privat/medlemsfordeler/alle-medlemsfordeler/nytt-dekkhotell-pa-bryn,/medlem/medlemsfordeler/
/privat/medlemsfordeler/alle-medlemsfordeler/obos-dagen-pa-odeon-kino,/medlem/medlemsfordeler/odeon-kino
/privat/medlemsfordeler/alle-medlemsfordeler/obos-pa-manen,/medlem/medlemsfordeler/
/privat/medlemsfordeler/alle-medlemsfordeler/obos-pa-manen/obos-pa-manen-2018,/medlem/medlemsfordeler/
/privat/medlemsfordeler/alle-medlemsfordeler/wallmans-oslonet,/medlem/medlemsfordeler/wallmans-oslo
