/privat/medlemsfordeler/alle-medlemsfordeler|https://nye.obos.no/medlem/medlemsfordeler/
/privat/medlemsfordeler/alle-medlemsfordeler/obos-festningen-2020|https://nye.obos.no/medlem/medlemsfordeler/obosfestningen-2020
/privat/medlemsfordeler/alle-medlemsfordeler/julegalla-i-operaen|https://nye.obos.no/medlem/medlemsfordeler/julegalla-i-operaen
/privat/medlemsfordeler/alle-medlemsfordeler/forkjopsrett1|https://nye.obos.no/medlem/medlemsfordeler/forkjopsrett
/privat/medlemsfordeler/alle-medlemsfordeler/obos-dagen-pa-odeon-kino1|https://nye.obos.no/medlem/medlemsfordeler/odeon-kino
/privat/medlemsfordeler/alle-medlemsfordeler/dansommer|https://nye.obos.no/medlem/medlemsfordeler/dansommer
/privat/medlemsfordeler/alle-medlemsfordeler/forkjopsrett|https://nye.obos.no/medlem/medlemsfordeler/forkjopsrett
/privat/medlemsfordeler/alle-medlemsfordeler/dine-penger|https://nye.obos.no/medlem/medlemsfordeler/dine-penger
/privat/medlemsfordeler/alle-medlemsfordeler/nordic-choice-hotels|https://nye.obos.no/medlem/medlemsfordeler/nordic-choice-hotels
/privat/medlemsfordeler/alle-medlemsfordeler/vianor|https://nye.obos.no/medlem/medlemsfordeler/vianor
/privat/medlemsfordeler/alle-medlemsfordeler/tusenfryd|https://nye.obos.no/medlem/medlemsfordeler/
/privat/medlemsfordeler/alle-medlemsfordeler/cruise-til-kobenhavn|https://nye.obos.no/medlem/medlemsfordeler/cruise-til-kobenhavn
/privat/medlemsfordeler/alle-medlemsfordeler/maxbo|https://nye.obos.no/medlem/medlemsfordeler/maxbo
/privat/medlemsfordeler/alle-medlemsfordeler/obos-x-oslo-sommertid|https://nye.obos.no/medlem/medlemsfordeler/
/privat/medlemsfordeler/alle-medlemsfordeler/avis|https://nye.obos.no/medlem/medlemsfordeler/avis
/privat/medlemsfordeler/alle-medlemsfordeler/odeon-kino|https://nye.obos.no/medlem/medlemsfordeler/odeon-kino
/privat/medlemsfordeler/alle-medlemsfordeler/best-western-hotels-resorts|https://nye.obos.no/medlem/medlemsfordeler/best-western-hotels--resorts
/privat/medlemsfordeler/alle-medlemsfordeler/banktjenester|https://nye.obos.no/medlem/medlemsfordeler/banktjenester
/privat/medlemsfordeler/alle-medlemsfordeler/the-sound-of-music|https://nye.obos.no/medlem/medlemsfordeler/the-sound-of-music
/privat/medlemsfordeler/alle-medlemsfordeler/bohus|https://nye.obos.no/medlem/medlemsfordeler/bohus
/privat/medlemsfordeler/alle-medlemsfordeler/obos-fornybar|https://nye.obos.no/medlem/medlemsfordeler/los-fornybar-strom
/privat/medlemsfordeler/alle-medlemsfordeler/kitchn|https://nye.obos.no/medlem/medlemsfordeler/kitchn
/privat/medlemsfordeler/alle-medlemsfordeler/vindeleka-shrek-the-musical-jr|https://nye.obos.no/medlem/medlemsfordeler/vindeleka-shrek-the-musical-jr
/privat/medlemsfordeler/alle-medlemsfordeler/oslo-bysykkel1|https://nye.obos.no/medlem/medlemsfordeler/oslo-bysykkel
/privat/medlemsfordeler/alle-medlemsfordeler/den-norske-opera-ballett|https://nye.obos.no/medlem/medlemsfordeler/den-norske-opera--ballett
/privat/medlemsfordeler/alle-medlemsfordeler/tryg-forsikring|https://nye.obos.no/medlem/medlemsfordeler/tryg-forsikring
/privat/medlemsfordeler/alle-medlemsfordeler/landskamper-i-fotball|https://nye.obos.no/medlem/medlemsfordeler/landskamper-i-fotball
/privat/medlemsfordeler/alle-medlemsfordeler/talkmore|https://nye.obos.no/medlem/medlemsfordeler/talkmore
/privat/medlemsfordeler/alle-medlemsfordeler/julekonsert-med-solvguttene|https://nye.obos.no/medlem/medlemsfordeler/julekonsert-med-solvguttene
/privat/medlemsfordeler/alle-medlemsfordeler/kid-interior|https://nye.obos.no/medlem/medlemsfordeler/kid-interior
/privat/medlemsfordeler/alle-medlemsfordeler/flugger-farve|https://nye.obos.no/medlem/medlemsfordeler/flugger-farve
/privat/medlemsfordeler/alle-medlemsfordeler/sector-alarm|https://nye.obos.no/medlem/medlemsfordeler/sector-alarm
/privat/medlemsfordeler/alle-medlemsfordeler/oslo-sportslager|https://nye.obos.no/medlem/medlemsfordeler/oslo-sportslager
/privat/medlemsfordeler/alle-medlemsfordeler/apollo|https://nye.obos.no/medlem/medlemsfordeler/apollo
/privat/medlemsfordeler/alle-medlemsfordeler/norfloor|https://nye.obos.no/medlem/medlemsfordeler/norfloor
/privat/medlemsfordeler/alle-medlemsfordeler/optimist|https://nye.obos.no/medlem/medlemsfordeler/optimist
/privat/medlemsfordeler/alle-medlemsfordeler/stille-natt-hellige-natt|https://nye.obos.no/medlem/medlemsfordeler/stille-natt-hellige-natt
/privat/medlemsfordeler/alle-medlemsfordeler/fortum-charge-drive|https://nye.obos.no/medlem/medlemsfordeler/fortum-charge--drive
/privat/medlemsfordeler/alle-medlemsfordeler/nationaltheatret|https://nye.obos.no/medlem/medlemsfordeler/nationaltheatret
/privat/medlemsfordeler/alle-medlemsfordeler/wallmans-oslo|https://nye.obos.no/medlem/medlemsfordeler/wallmans-oslo
/privat/medlemsfordeler/alle-medlemsfordeler/elbillader-fra-bravida|https://nye.obos.no/medlem/medlemsfordeler/elbillader-fra-bravida
/privat/medlemsfordeler/alle-medlemsfordeler/smarthotel|https://nye.obos.no/medlem/medlemsfordeler/smarthotel
/privat/medlemsfordeler/alle-medlemsfordeler/bergen-bysykkel|https://nye.obos.no/medlem/medlemsfordeler/bergen-bysykkel
/privat/medlemsfordeler/alle-medlemsfordeler/skousen-hvitevarer|https://nye.obos.no/medlem/medlemsfordeler/
/privat/medlemsfordeler/alle-medlemsfordeler/cewe-japan-photo|https://nye.obos.no/medlem/medlemsfordeler/cewe-japan-photo
/privat/medlemsfordeler/alle-medlemsfordeler/restauranter-fra-fursetgruppen|https://nye.obos.no/medlem/medlemsfordeler/
/privat/medlemsfordeler/alle-medlemsfordeler/det-norske-teatret|https://nye.obos.no/medlem/medlemsfordeler/det-norske-teatret
/privat/medlemsfordeler/alle-medlemsfordeler/oslo-nye-teater|https://nye.obos.no/medlem/medlemsfordeler/oslo-nye-teater
/privat/medlemsfordeler/alle-medlemsfordeler/zipcar|https://nye.obos.no/medlem/medlemsfordeler/zipcar
/privat/medlemsfordeler/alle-medlemsfordeler/bravida|https://nye.obos.no/medlem/medlemsfordeler/bravida
/privat/medlemsfordeler/alle-medlemsfordeler/rockefeller|https://nye.obos.no/medlem/medlemsfordeler/rockefeller
/privat/medlemsfordeler/alle-medlemsfordeler/chess|https://nye.obos.no/medlem/medlemsfordeler/chess
/privat/medlemsfordeler/alle-medlemsfordeler/norsk-folkemuseum|https://nye.obos.no/medlem/medlemsfordeler/norsk-folkemuseum
/privat/medlemsfordeler/alle-medlemsfordeler/legoland|https://nye.obos.no/medlem/medlemsfordeler/legoland
/privat/medlemsfordeler/alle-medlemsfordeler/meg-og-dolly|https://nye.obos.no/medlem/medlemsfordeler/meg-og-dolly
/privat/medlemsfordeler/alle-medlemsfordeler/lastcall|https://nye.obos.no/medlem/medlemsfordeler/lastcall
/privat/medlemsfordeler/alle-medlemsfordeler/dekkteam-alesund|https://nye.obos.no/medlem/medlemsfordeler/dekkteam-alesund
/privat/medlemsfordeler/alle-medlemsfordeler/den-nationale-scene|https://nye.obos.no/medlem/medlemsfordeler/den-nationale-scene
/privat/medlemsfordeler/alle-medlemsfordeler/lambertseter-bad|https://nye.obos.no/medlem/medlemsfordeler/lambertseter-bad
/privat/medlemsfordeler/alle-medlemsfordeler/kollensvevet|https://nye.obos.no/medlem/medlemsfordeler/kollensvevet
/privat/medlemsfordeler/alle-medlemsfordeler/oslo-filharmonien|https://nye.obos.no/medlem/medlemsfordeler/oslo-filharmonien
/privat/medlemsfordeler/alle-medlemsfordeler/alice-i-vidunderland|https://nye.obos.no/medlem/medlemsfordeler/
/privat/medlemsfordeler/alle-medlemsfordeler/kork-med-halvdan-sivertsen|https://nye.obos.no/medlem/medlemsfordeler/kork-med-halvdan-sivertsen
/privat/medlemsfordeler/alle-medlemsfordeler/godtlevert|https://nye.obos.no/medlem/medlemsfordeler/
/privat/medlemsfordeler/alle-medlemsfordeler/obos-eiendomsmeglere|https://nye.obos.no/medlem/medlemsfordeler/obos-eiendomsmeglere
/privat/medlemsfordeler/alle-medlemsfordeler/rbk|https://nye.obos.no/medlem/medlemsfordeler/rbk
/privat/medlemsfordeler/alle-medlemsfordeler/viking-fotball|https://nye.obos.no/medlem/medlemsfordeler/viking-fotball
/privat/medlemsfordeler/alle-medlemsfordeler/hunderfossen|https://nye.obos.no/medlem/medlemsfordeler/
/privat/medlemsfordeler/alle-medlemsfordeler/akvariet-i-bergen|https://nye.obos.no/medlem/medlemsfordeler/akvariet-i-bergen
/privat/medlemsfordeler/alle-medlemsfordeler/obos-ligaen|https://nye.obos.no/medlem/medlemsfordeler/obos-ligaen
/privat/medlemsfordeler/alle-medlemsfordeler/dfds-kampanje|https://nye.obos.no/medlem/medlemsfordeler/cruise-til-kobenhavn
/privat/medlemsfordeler/alle-medlemsfordeler/atlanterhavsparken|https://nye.obos.no/medlem/medlemsfordeler/atlanterhavsparken
/privat/medlemsfordeler/alle-medlemsfordeler/fonus-begravelsesbyra|https://nye.obos.no/medlem/medlemsfordeler/fonus-begravelsesbyra
/privat/medlemsfordeler/alle-medlemsfordeler/kringkastingsorkestret|https://nye.obos.no/medlem/medlemsfordeler/kringkastingsorkesteret
/privat/medlemsfordeler/alle-medlemsfordeler/handledager-hos-flugger1|https://nye.obos.no/medlem/medlemsfordeler/flugger-farve
/privat/medlemsfordeler/alle-medlemsfordeler/konfirmasjon|https://nye.obos.no/medlem/medlemsfordeler/
/privat/medlemsfordeler/alle-medlemsfordeler/fargespill|https://nye.obos.no/medlem/medlemsfordeler/fargespill
/privat/medlemsfordeler/alle-medlemsfordeler/sorbo-trelast|https://nye.obos.no/medlem/medlemsfordeler/sorbo-trelast
/privat/medlemsfordeler/alle-medlemsfordeler/geitanger-bygg|https://nye.obos.no/medlem/medlemsfordeler/geitanger-bygg
/privat/medlemsfordeler/alle-medlemsfordeler/oslofjordmuseet|https://nye.obos.no/medlem/medlemsfordeler/oslofjordmuseet
/privat/medlemsfordeler/alle-medlemsfordeler/hostelling-international-norge|https://nye.obos.no/medlem/medlemsfordeler/hostelling-international-norge
/privat/medlemsfordeler/alle-medlemsfordeler/rogaland-teater|https://nye.obos.no/medlem/medlemsfordeler/rogaland-teater
/privat/medlemsfordeler/alle-medlemsfordeler/lekivalen|https://nye.obos.no/medlem/medlemsfordeler/
/privat/medlemsfordeler/alle-medlemsfordeler/notteroy-kulturhus|https://nye.obos.no/medlem/medlemsfordeler/notteroy-kulturhus
/privat/medlemsfordeler/alle-medlemsfordeler/skimuseet-og-holmenkollen|https://nye.obos.no/medlem/medlemsfordeler/skimuseet-og-holmenkollen
/privat/medlemsfordeler/alle-medlemsfordeler/forsvarets-stabsmusikkorps|https://nye.obos.no/medlem/medlemsfordeler/forsvarets-stabsmusikkorps
/privat/medlemsfordeler/alle-medlemsfordeler/oslo-museum|https://nye.obos.no/medlem/medlemsfordeler/oslo-museum
/privat/medlemsfordeler/alle-medlemsfordeler/skiforeningens-langrennskurs|https://nye.obos.no/medlem/medlemsfordeler/skiforeningens-langrennskurs
/privat/medlemsfordeler/alle-medlemsfordeler/nobels-fredssenter|https://nye.obos.no/medlem/medlemsfordeler/nobels-fredssenter
/privat/medlemsfordeler/alle-medlemsfordeler/pedalen-sykkelverksted|https://nye.obos.no/medlem/medlemsfordeler/pedalen-sykkelverksted
/privat/medlemsfordeler/alle-medlemsfordeler/renbolig-fredrikstad|https://nye.obos.no/medlem/medlemsfordeler/ren-bolig-fredrikstad
/privat/medlemsfordeler/alle-medlemsfordeler/dap|https://nye.obos.no/medlem/medlemsfordeler/
/privat/medlemsfordeler/alle-medlemsfordeler/krogsveen-mariero|https://nye.obos.no/medlem/medlemsfordeler/krogsveen-mariero
/privat/medlemsfordeler/alle-medlemsfordeler/skifest-i-holmenkollen|https://nye.obos.no/medlem/medlemsfordeler/
/privat/medlemsfordeler/alle-medlemsfordeler/obos-pa-operataket1|https://nye.obos.no/medlem/medlemsfordeler/
/privat/medlemsfordeler/alle-medlemsfordeler/obos-dag-pa-tusenfryd|https://nye.obos.no/medlem/medlemsfordeler/
/privat/medlemsfordeler/alle-medlemsfordeler/teater-innlandet|https://nye.obos.no/medlem/medlemsfordeler/teater-innlandet
/privat/medlemsfordeler/alle-medlemsfordeler/sommertilbud|https://nye.obos.no/medlem/medlemsfordeler/
/privat/medlemsfordeler/alle-medlemsfordeler/black-box-teater|https://nye.obos.no/medlem/medlemsfordeler/black-box-teater
/privat/medlemsfordeler/alle-medlemsfordeler/lasservice-alesund|https://nye.obos.no/medlem/medlemsfordeler/lasservice-alesund
/privat/medlemsfordeler/alle-medlemsfordeler/norsk-jernbanemuseum|https://nye.obos.no/medlem/medlemsfordeler/norsk-jernbanemuseum
/privat/medlemsfordeler/alle-medlemsfordeler/eidsvoll-1814|https://nye.obos.no/medlem/medlemsfordeler/eidsvoll-1814
/privat/medlemsfordeler/alle-medlemsfordeler/mester-rammer|https://nye.obos.no/medlem/medlemsfordeler/
/privat/medlemsfordeler/alle-medlemsfordeler/anno|https://nye.obos.no/medlem/medlemsfordeler/anno-museum
/privat/medlemsfordeler/alle-medlemsfordeler/vip-kveld-pa-lambertseter-senter|https://nye.obos.no/medlem/medlemsfordeler/
/privat/medlemsfordeler/alle-medlemsfordeler/gi-et-gavemedlemskap-til-jul|https://nye.obos.no/medlem/medlemsfordeler/
/privat/medlemsfordeler/alle-medlemsfordeler/skeid-fotball|https://nye.obos.no/medlem/medlemsfordeler/skeid-fotball
/privat/medlemsfordeler/alle-medlemsfordeler/vill-vill-vest-2019|https://nye.obos.no/medlem/medlemsfordeler/
/privat/medlemsfordeler/alle-medlemsfordele/privat/medlemsfordeler/alle-medlemsfordeler#results|https://nye.obos.no/medlem/medlemsfordeler/
/privat/medlemsfordeler/alle-medlemsfordeler/generalprove-optimist|https://nye.obos.no/medlem/medlemsfordeler/
/privat/medlemsfordeler/alle-medlemsfordeler/handledager-hos-flugger1?utm\u00253amedium=social|https://nye.obos.no/medlem/medlemsfordeler/flugger-farve
/privat/medlemsfordeler/alle-medlemsfordeler/handledag-hos-kitchn|https://nye.obos.no/medlem/medlemsfordeler/
/privat/medlemsfordeler/alle-medlemsfordeler/obos-pa-operataket/om-artistene|https://nye.obos.no/medlem/medlemsfordeler/
/privat/medlemsfordeler/alle-medlemsfordeler/julegalla-i-operaen?target_url=/julegalla-i-operaen?utm_source=facebook|https://nye.obos.no/medlem/medlemsfordeler/julegalla-i-operaen
/privat/medlemsfordeler/alle-medlemsfordeler/obos-pa-operataket/praktisk-info|https://nye.obos.no/medlem/medlemsfordeler/
/privat/medlemsfordeler/alle-medlemsfordeler/omvisning-i-operaen|https://nye.obos.no/medlem/medlemsfordeler/julegalla-i-operaen
/privat/medlemsfordeler/alle-medlemsfordeler/sankthansfeiring|https://nye.obos.no/medlem/medlemsfordeler/
/privat/medlemsfordeler/alle-medlemsfordeler/stein-saks-papir|https://nye.obos.no/medlem/medlemsfordeler/
/privat/medlemsfordeler/alle-medlemsfordeler/handledag-hos-norfloor|https://nye.obos.no/medlem/medlemsfordeler/norfloor
/privat/medlemsfordeler/alle-medlemsfordeler/kampanje-forkjop|https://nye.obos.no/medlem/medlemsfordeler/
/privat/medlemsfordeler/alle-medlemsfordeler/obos-i-bergen/om-artistene|https://nye.obos.no/medlem/medlemsfordeler/
/privat/medlemsfordeler/alle-medlemsfordeler/obos-pa-operataket/sok-om-stotte|https://nye.obos.no/medlem/medlemsfordeler/
/privat/medlemsfordeler/alle-medlemsfordeler/sesongkort-med-rbk|https://nye.obos.no/medlem/medlemsfordeler/rbk
/privat/medlemsfordeler/alle-medlemsfordeler/x-games|https://nye.obos.no/medlem/medlemsfordeler/
/privat/medlemsfordeler/alle-medlemsfordeler/bo-sommarland|https://nye.obos.no/medlem/medlemsfordeler/
/privat/medlemsfordeler/alle-medlemsfordeler/handledag-hos-kitchn?utm\u00253amedium=social|https://nye.obos.no/medlem/medlemsfordeler/
/privat/medlemsfordeler/alle-medlemsfordeler/handledager-hos-flugger1?utm:medium=social|https://nye.obos.no/medlem/medlemsfordeler/flugger-farve
/privat/medlemsfordeler/alle-medlemsfordeler/helene-boksle-julekonsert|https://nye.obos.no/medlem/medlemsfordeler/julekonsert-med-helene-boksle
/privat/medlemsfordeler/alle-medlemsfordeler/norfloor/norfloor1|https://nye.obos.no/medlem/medlemsfordeler/norfloor
/privat/medlemsfordeler/alle-medlemsfordeler/obos-90-ar-en-konsertgave-til-bergen/praktisk-info|https://nye.obos.no/medlem/medlemsfordeler/
/privat/medlemsfordeler/alle-medlemsfordeler/obos-90-ar-en-konsertgave-til-stavanger|https://nye.obos.no/medlem/medlemsfordeler/
/privat/medlemsfordeler/alle-medlemsfordeler/obos-90-ar-en-konsertgave-til-vestfold/sok-om-stotte|https://nye.obos.no/medlem/medlemsfordeler/
/privat/medlemsfordeler/alle-medlemsfordeler/obos-julekonsert-i-lademoen-kirke|https://nye.obos.no/medlem/medlemsfordeler/julekonsert-i-lademoen-kirke
/privat/medlemsfordeler/alle-medlemsfordeler/obos-pa-manen/sok-om-stotte-obos-pa-manen|https://nye.obos.no/medlem/medlemsfordeler/
/privat/medlemsfordeler/alle-medlemsfordeler/valerenga-fotball-damer-mot-manchester-united-women|https://nye.obos.no/medlem/medlemsfordeler/
/privat/medlemsfordeler/alle-medlemsfordeler/flugger-farve/flugger-farve1|https://nye.obos.no/medlem/medlemsfordeler/flugger-farve
/privat/medlemsfordeler/alle-medlemsfordeler/obos-90-ar-en-konsertgave-til-bergen|https://nye.obos.no/medlem/medlemsfordeler/
/privat/medlemsfordeler/alle-medlemsfordele/privat/medlemsfordeler/alle-medlemsfordeler?+flis=|https://nye.obos.no/medlem/medlemsfordeler/
/privat/medlemsfordeler/alle-medlemsfordeler/40-rabatt-hos-flugger|https://nye.obos.no/medlem/medlemsfordeler/flugger-farve
/privat/medlemsfordeler/alle-medlemsfordeler/deaktiverte-medlemsfordeler/stein-saks-papir|https://nye.obos.no/medlem/medlemsfordeler/
/privat/medlemsfordeler/alle-medlemsfordeler/dine-penger/innsalg-fa-medlemskortet-pa-mobilen|https://nye.obos.no/medlem/medlemsfordeler/dine-penger
/privat/medlemsfordeler/alle-medlemsfordeler/foynhagen|https://nye.obos.no/medlem/medlemsfordeler/
/privat/medlemsfordeler/alle-medlemsfordeler/gulvdager-hos-maxbo|https://nye.obos.no/medlem/medlemsfordeler/maxbo
/privat/medlemsfordeler/alle-medlemsfordeler/hagemobler-hos-maxbo|https://nye.obos.no/medlem/medlemsfordeler/maxbo
/privat/medlemsfordeler/alle-medlemsfordeler/handledag-hos-kitchn?utm:medium=social|https://nye.obos.no/medlem/medlemsfordeler/
/privat/medlemsfordeler/alle-medlemsfordeler/jul-med-odd-nordstoga|https://nye.obos.no/medlem/medlemsfordeler/
/privat/medlemsfordeler/alle-medlemsfordeler/julekonsert-i-lade-kirke|https://nye.obos.no/medlem/medlemsfordeler/julekonsert-i-lademoen-kirke
/privat/medlemsfordeler/alle-medlemsfordeler/julemarked|https://nye.obos.no/medlem/medlemsfordeler/
/privat/medlemsfordeler/alle-medlemsfordeler/larzan-artenes-konge-og-brorzan|https://nye.obos.no/medlem/medlemsfordeler/
/privat/medlemsfordeler/alle-medlemsfordeler/minioya-2019|https://nye.obos.no/medlem/medlemsfordeler/
/privat/medlemsfordeler/alle-medlemsfordeler/nytt-dekkhotell-pa-bryn|https://nye.obos.no/medlem/medlemsfordeler/
/privat/medlemsfordeler/alle-medlemsfordeler/nyttarskonsert|https://nye.obos.no/medlem/medlemsfordeler/
/privat/medlemsfordeler/alle-medlemsfordeler/obos-dagen-pa-odeon-kino|https://nye.obos.no/medlem/medlemsfordeler/odeon-kino
/privat/medlemsfordeler/alle-medlemsfordeler/obos-pa-manen|https://nye.obos.no/medlem/medlemsfordeler/
/privat/medlemsfordeler/alle-medlemsfordeler/obos-pa-manen/obos-pa-manen-2018|https://nye.obos.no/medlem/medlemsfordeler/
/privat/medlemsfordeler/alle-medlemsfordeler/obos-toppserien-superhelg|https://nye.obos.no/medlem/medlemsfordeler/
/privat/medlemsfordeler/alle-medlemsfordeler/wallmans-oslonet|https://nye.obos.no/medlem/medlemsfordeler/wallmans-oslo
/styre/boligforvaltning/eiendomsdrift-og-vaktmestertjenester|https://nye.obos.no/styre/tjenester/vaktmester-og-drift
/boligogmiljo|https://nye.obos.no/styre/fagbladet-bolig-miljo/
/forvaltning|https://nye.obos.no/styre
/styre-nyhetsbrev|https://nye.obos.no/styre/nyhetsbrev-styre/
/styre|https://nye.obos.no/styre
/styre/forside|https://nye.obos.no/styre/
/styre/boligforvaltning|https://nye.obos.no/styre/
/styre/kurs|https://nye.obos.no/styre/kurs
/styre/sok-om-stotte|https://nye.obos.no/styre/sok-om-stotte/
/styre/tips-og-rad|https://nye.obos.no/styre/tips-og-rad/
/styre/be-om-tilbud-styreomrade|https://nye.obos.no/styre/be-om-tilbud-boligforvaltning/
/styre/sok-om-stotte/lekeplass-for-liten-og-stor|https://nye.obos.no/styre/sok-om-stotte/lekeplass-for-liten-og-stor/
/styre/sok-om-stotte/satser-pa-kortreist-strom|https://nye.obos.no/styre/sok-om-stotte/satser-pa-kortreist-strom/
/styre/sok-om-stotte/bort-med-oljen|https://nye.obos.no/styre/sok-om-stotte/bort-med-oljen/
/styre/kurs/kurssider/introduksjon-til-styrerommet-no-3-desember|https://nye.obos.no/styre/kurs/introduksjon-til-styrerommetno
/styre/kurs/kurssider/valgforberedelser-valgkomiteens-utfordringer|https://nye.obos.no/styre/kurs/valgforberedelser
/styre/kurs/kurssider/introduksjon-til-styrerommet-no-9-januar|https://nye.obos.no/styre/kurs/styrerommet
/styre/kurs/kurssider/utleie-og-korttidsutleie-i-boligselskap|https://nye.obos.no/styre/kurs/utleie-og-korttidsutleie-i-boligselskap
/styre/kurs/kurssider/forberedelse-til-generalforsamling-og-arsmote|https://nye.obos.no/styre/kurs/forberedelse-til-generalforsamling-og-arsmote
/styre/kurs/kurssider/forberedelse-til-generalforsamling-og-arsmote-ostfold|https://nye.obos.no/styre/kurs/forberedelse-til-generalforsamling-og-arsmote-fredrikstad
/styre/kurs/kurssider/introduksjon-til-styrerommet-no-fredrikstad|https://nye.obos.no/styre/kurs/introduksjon-til-styrerommetno-fredrikstad
/styre/kurs/kurssider/introduksjon-til-styrerommet-no-18-februar|https://nye.obos.no/styre/kurs/introduksjon-til-styrerommetno-oslo
/styre/tips-og-rad/nyheter-forvaltning/lading-av-elbiler|https://nye.obos.no/styre/tips-og-rad/lading-av-elbiler
/styre/tips-og-rad/nyheter-forvaltning/er-ditt-boligselskap-vinterklart|https://nye.obos.no/styre/tips-og-rad/var-godt-forberedt-pa-sno-og-kulde
/styre/tips-og-rad/nyheter-forvaltning/styrtregn-forsikring|https://nye.obos.no/styre/tips-og-rad/styrtregn-forsikring
/styre/tips-og-rad/nyheter-forvaltning/styrehonorar-i-borettslag-og-sameier|https://nye.obos.no/styre/tips-og-rad/styrehonorar-i-borettslag-og-sameier
/styre/tips-og-rad/nyheter-forvaltning/selvbetjente-delingsbiler-fra-zipcar|https://nye.obos.no/styre/tips-og-rad/smarte-delingsbiler-fra-zipcar
/styre/tips-og-rad/nyheter-forvaltning/nye-rammeavtaler-service-pa-heis|https://nye.obos.no/styre/tips-og-rad/samarbeidsavtaler-service-pa-heis
/styre/tips-og-rad/nyheter-forvaltning/refusjon-av-eiendomsskatt|https://nye.obos.no/styre/tips-og-rad/refusjon-av-eiendomsskatt
/styre/tips-og-rad/nyheter-forvaltning/entelios|https://nye.obos.no/styre/tips-og-rad/rabattavtale-fornybar-strom
/styre/tips-og-rad/nyheter-forvaltning/nye-regler-airbnb-utleie|https://nye.obos.no/styre/tips-og-rad/nye-regler-kottidsutleie
/styre/tips-og-rad/nyheter-forvaltning/digitale-nokler|https://nye.obos.no/styre/tips-og-rad/digitale-nokler
/styre/tips-og-rad/nyheter-forvaltning/lag-egne-hms-rutiner|https://nye.obos.no/styre/tips-og-rad/lag-egne-hms-rutiner
/styre/tips-og-rad/nyheter-forvaltning/husk-a-bytte-batteri-i-roykvarsleren|https://nye.obos.no/styre/tips-og-rad/husk-a-bytte-batteri-roykvarsleren
/styre/tips-og-rad/nyheter-forvaltning/container|https://nye.obos.no/styre/tips-og-rad/gode-avtaler-om-avfallshandtering
/styre/tips-og-rad/nyheter-forvaltning/greit-med-kameraovervaking|https://nye.obos.no/styre/tips-og-rad/er-det-lov-med-kameraovervaking
/styre/kurs/kurssider/digitalt-samtykke|https://nye.obos.no/styre/tips-og-rad/digitalt-samtykke-forenkler-styrehverdagen
/styre/tips-og-rad/nyheter-forvaltning/borettslaget-sameiets-ansvar-for-hensatte-ting|https://nye.obos.no/styre/tips-og-rad/borettslagetsameiets-ansvar-for-hensatte-ting
/styre/logg-inn-styre|https://nye.obos.no/styre/logg-inn/
/styre/boligforvaltning/ofte-stilte-sporsmal-om-styretjenester|https://nye.obos.no/styre/ofte-stilte-sporsmal-om-styretjenester/
/styre/boligforvaltning/kontakt-oss-om-boligforvaltning|https://nye.obos.no/styre/kontakt-oss
/styre/boligforvaltning/etablering-av-nytt-boligselskap|https://nye.obos.no/styre/tjenester/etablering-av-nytt-boligselskap/
/styre/boligforvaltning/digitalt-styrearbeid|https://nye.obos.no/styre/tjenester/styrerommet/
/styre/boligforvaltning/styrets-egen-radgiver|https://nye.obos.no/styre/tjenester/styrets-egen-radgiver/
/styre/boligforvaltning/ryddig-okonomi-og-administrasjon|https://nye.obos.no/styre/tjenester/ryddig-okonomi-og-administrasjon/
/styre/boligforvaltning/gode-leverandoravtaler|https://nye.obos.no/styre/tjenester/rabattavtaler
/styre/boligforvaltning/forsikring|https://nye.obos.no/styre/tjenester/forsikring/
/styre/boligforvaltning/lan-og-sparing|https://nye.obos.no/styre/tjenester/lan-og-sparing/
