Navn (gammel URL)|Ny URL
/styre/boligforvaltning/eiendomsdrift-og-vaktmestertjenester|https://nye.obos.no/styre/tjenester/vaktmester-og-drift
/boligogmiljo|https://nye.obos.no/styre/fagbladet-bolig-miljo/
/forvaltning|https://nye.obos.no/styre
/styre-nyhetsbrev|https://nye.obos.no/styre/nyhetsbrev-styre/
/styre|https://nye.obos.no/styre
/styre/forside|https://nye.obos.no/styre/
/styre/boligforvaltning|https://nye.obos.no/styre/
/styre/kurs|https://nye.obos.no/styre/kurs
/styre/sok-om-stotte|https://nye.obos.no/styre/sok-om-stotte/
/styre/tips-og-rad|https://nye.obos.no/styre/tips-og-rad/
/styre/be-om-tilbud-styreomrade|https://nye.obos.no/styre/be-om-tilbud-boligforvaltning/
/styre/sok-om-stotte/lekeplass-for-liten-og-stor|https://nye.obos.no/styre/sok-om-stotte/lekeplass-for-liten-og-stor/
/styre/sok-om-stotte/satser-pa-kortreist-strom|https://nye.obos.no/styre/sok-om-stotte/satser-pa-kortreist-strom/
/styre/sok-om-stotte/bort-med-oljen|https://nye.obos.no/styre/sok-om-stotte/bort-med-oljen/
/styre/kurs/kurssider/introduksjon-til-styrerommet-no-3-desember|https://nye.obos.no/styre/kurs/introduksjon-til-styrerommetno
/styre/kurs/kurssider/valgforberedelser-valgkomiteens-utfordringer|https://nye.obos.no/styre/kurs/valgforberedelser
/styre/kurs/kurssider/introduksjon-til-styrerommet-no-9-januar|https://nye.obos.no/styre/kurs/styrerommet
/styre/kurs/kurssider/utleie-og-korttidsutleie-i-boligselskap|https://nye.obos.no/styre/kurs/utleie-og-korttidsutleie-i-boligselskap
/styre/kurs/kurssider/forberedelse-til-generalforsamling-og-arsmote|https://nye.obos.no/styre/kurs/forberedelse-til-generalforsamling-og-arsmote
/styre/kurs/kurssider/forberedelse-til-generalforsamling-og-arsmote-ostfold|https://nye.obos.no/styre/kurs/forberedelse-til-generalforsamling-og-arsmote-fredrikstad
/styre/kurs/kurssider/introduksjon-til-styrerommet-no-fredrikstad|https://nye.obos.no/styre/kurs/introduksjon-til-styrerommetno-fredrikstad
/styre/kurs/kurssider/introduksjon-til-styrerommet-no-18-februar|https://nye.obos.no/styre/kurs/introduksjon-til-styrerommetno-oslo
/styre/tips-og-rad/nyheter-forvaltning/lading-av-elbiler|https://nye.obos.no/styre/tips-og-rad/lading-av-elbiler
/styre/tips-og-rad/nyheter-forvaltning/er-ditt-boligselskap-vinterklart|https://nye.obos.no/styre/tips-og-rad/var-godt-forberedt-pa-sno-og-kulde
/styre/tips-og-rad/nyheter-forvaltning/styrtregn-forsikring|https://nye.obos.no/styre/tips-og-rad/styrtregn-forsikring
/styre/tips-og-rad/nyheter-forvaltning/styrehonorar-i-borettslag-og-sameier|https://nye.obos.no/styre/tips-og-rad/styrehonorar-i-borettslag-og-sameier
/styre/tips-og-rad/nyheter-forvaltning/selvbetjente-delingsbiler-fra-zipcar|https://nye.obos.no/styre/tips-og-rad/smarte-delingsbiler-fra-zipcar
/styre/tips-og-rad/nyheter-forvaltning/nye-rammeavtaler-service-pa-heis|https://nye.obos.no/styre/tips-og-rad/samarbeidsavtaler-service-pa-heis
/styre/tips-og-rad/nyheter-forvaltning/refusjon-av-eiendomsskatt|https://nye.obos.no/styre/tips-og-rad/refusjon-av-eiendomsskatt
/styre/tips-og-rad/nyheter-forvaltning/entelios|https://nye.obos.no/styre/tips-og-rad/rabattavtale-fornybar-strom
/styre/tips-og-rad/nyheter-forvaltning/nye-regler-airbnb-utleie|https://nye.obos.no/styre/tips-og-rad/nye-regler-kottidsutleie
/styre/tips-og-rad/nyheter-forvaltning/digitale-nokler|https://nye.obos.no/styre/tips-og-rad/digitale-nokler
/styre/tips-og-rad/nyheter-forvaltning/lag-egne-hms-rutiner|https://nye.obos.no/styre/tips-og-rad/lag-egne-hms-rutiner
/styre/tips-og-rad/nyheter-forvaltning/husk-a-bytte-batteri-i-roykvarsleren|https://nye.obos.no/styre/tips-og-rad/husk-a-bytte-batteri-roykvarsleren
/styre/tips-og-rad/nyheter-forvaltning/container|https://nye.obos.no/styre/tips-og-rad/gode-avtaler-om-avfallshandtering
/styre/tips-og-rad/nyheter-forvaltning/greit-med-kameraovervaking|https://nye.obos.no/styre/tips-og-rad/er-det-lov-med-kameraovervaking
/styre/kurs/kurssider/digitalt-samtykke|https://nye.obos.no/styre/tips-og-rad/digitalt-samtykke-forenkler-styrehverdagen
/styre/tips-og-rad/nyheter-forvaltning/borettslaget-sameiets-ansvar-for-hensatte-ting|https://nye.obos.no/styre/tips-og-rad/borettslagetsameiets-ansvar-for-hensatte-ting
/styre/logg-inn-styre|https://nye.obos.no/styre/logg-inn/
/styre/boligforvaltning/ofte-stilte-sporsmal-om-styretjenester|https://nye.obos.no/styre/ofte-stilte-sporsmal-om-styretjenester/
/styre/boligforvaltning/kontakt-oss-om-boligforvaltning|https://nye.obos.no/styre/kontakt-oss
/styre/boligforvaltning/etablering-av-nytt-boligselskap|https://nye.obos.no/styre/tjenester/etablering-av-nytt-boligselskap/
/styre/boligforvaltning/digitalt-styrearbeid|https://nye.obos.no/styre/tjenester/styrerommet/
/styre/boligforvaltning/styrets-egen-radgiver|https://nye.obos.no/styre/tjenester/styrets-egen-radgiver/
/styre/boligforvaltning/ryddig-okonomi-og-administrasjon|https://nye.obos.no/styre/tjenester/ryddig-okonomi-og-administrasjon/
/styre/boligforvaltning/gode-leverandoravtaler|https://nye.obos.no/styre/tjenester/rabattavtaler
/styre/boligforvaltning/forsikring|https://nye.obos.no/styre/tjenester/forsikring/
/styre/boligforvaltning/lan-og-sparing|https://nye.obos.no/styre/tjenester/lan-og-sparing/
